conf,iou,imgsz,preprocess,roi,images,mean_abs_error,mean_count_accuracy_bounded,mean_count_accuracy_c251,exact_count_rate,mean_pipeline_cv_ms,mean_inference_ms
0.3,0.6,512,none,full,103,0.6116504854368932,70.38834951456312,78.15533980582525,100.0,55.03079319797746,53.91579126211299
0.3,0.5,512,none,full,103,0.6116504854368932,70.38834951456312,78.15533980582525,100.0,55.8256941759344,54.66157379243704
0.3,0.4,512,none,full,103,0.6116504854368932,70.38834951456312,78.15533980582525,100.0,58.1010019483533,56.98064175768963
0.3,0.7,512,none,full,103,0.6116504854368932,70.38834951456312,78.15533980582525,100.0,60.555441753748916,59.37320874660339
0.3,0.6,512,adaptive,full,103,0.6213592233009708,70.3074433656958,78.07443365695794,100.0,55.49588739121496,53.78596408482532
0.3,0.5,512,adaptive,full,103,0.6213592233009708,70.3074433656958,78.07443365695794,100.0,56.04489418017922,54.311257284089415
0.3,0.4,512,adaptive,full,103,0.6213592233009708,70.3074433656958,78.07443365695794,100.0,58.25287087151365,56.6158378643698
0.3,0.7,512,adaptive,full,103,0.6213592233009708,70.3074433656958,78.07443365695794,100.0,59.41564757015231,57.61017475742847
0.25,0.4,512,none,full,103,0.5922330097087378,69.57928802588997,83.1715210355987,100.0,55.84315921279412,54.6988650469236
0.25,0.4,512,adaptive,full,103,0.5922330097087378,69.57928802588997,83.1715210355987,100.0,56.24695339588249,54.56845728043033
0.25,0.7,512,none,full,103,0.5922330097087378,69.57928802588997,83.1715210355987,100.0,56.577828148768724,55.43947475623267
0.25,0.5,512,none,full,103,0.5922330097087378,69.57928802588997,83.1715210355987,100.0,56.905372819899426,55.70426018958351
0.25,0.6,512,none,full,103,0.5922330097087378,69.57928802588997,83.1715210355987,100.0,57.469817466165836,56.32506601299946
0.25,0.6,512,adaptive,full,103,0.5922330097087378,69.57928802588997,83.1715210355987,100.0,58.06729320585909,56.30161554227104
0.25,0.5,512,adaptive,full,103,0.5922330097087378,69.57928802588997,83.1715210355987,100.0,59.05929125519921,57.09707767033534
0.25,0.7,512,adaptive,full,103,0.5922330097087378,69.57928802588997,83.1715210355987,100.0,59.70778832442661,58.00896310202271
0.3,0.4,416,adaptive,full,103,0.6601941747572816,68.93203883495146,76.69902912621359,100.0,44.41666212814489,42.70839320102399
0.3,0.5,416,adaptive,full,103,0.6601941747572816,68.93203883495146,76.69902912621359,100.0,44.7482281642541,43.02789418487945
0.3,0.6,416,adaptive,full,103,0.6601941747572816,68.93203883495146,76.69902912621359,100.0,44.81161263482012,43.102832047666595
0.3,0.7,416,adaptive,full,103,0.6601941747572816,68.93203883495146,76.69902912621359,100.0,45.003999038192546,43.26560291760031
0.25,0.4,416,adaptive,full,103,0.6407766990291263,68.93203883495144,81.55339805825243,100.0,44.6350854466606,42.966599998887155
0.25,0.7,416,adaptive,full,103,0.6407766990291263,68.93203883495144,81.55339805825243,100.0,45.93602622502022,44.21558640942484
0.25,0.5,416,adaptive,full,103,0.6407766990291263,68.93203883495144,81.55339805825243,100.0,46.879347569752234,45.21284078347307
0.25,0.6,416,adaptive,full,103,0.6407766990291263,68.93203883495144,81.55339805825243,100.0,46.93297669856619,45.17595728664903
0.25,0.5,416,none,full,103,0.6504854368932039,68.85113268608414,81.47249190938511,100.0,44.22979320860603,43.100082533642
0.25,0.4,416,none,full,103,0.6504854368932039,68.85113268608414,81.47249190938511,100.0,44.44897864398194,43.30900485075793
0.25,0.7,416,none,full,103,0.6504854368932039,68.85113268608414,81.47249190938511,100.0,46.59783010805044,45.450725244557105
0.25,0.6,416,none,full,103,0.6504854368932039,68.85113268608414,81.47249190938511,100.0,49.81307961833347,48.65366504844097
0.3,0.6,416,none,full,103,0.6699029126213593,68.85113268608414,76.61812297734627,100.0,43.04992719508201,41.90358447218404
0.3,0.5,416,none,full,103,0.6699029126213593,68.85113268608414,76.61812297734627,100.0,44.02098541930137,42.93710969894835
0.3,0.7,416,none,full,103,0.6699029126213593,68.85113268608414,76.61812297734627,100.0,44.753765046497065,43.61628447048981
0.3,0.4,416,none,full,103,0.6699029126213593,68.85113268608414,76.61812297734627,100.0,46.4885417457887,45.35939223110422
0.2,0.6,512,none,full,103,0.5728155339805825,68.28478964401295,90.29126213592232,100.0,56.19523978737879,55.05715242419753
0.2,0.7,512,none,full,103,0.5728155339805825,68.28478964401295,90.29126213592232,100.0,56.62723690343713,55.50843786597433
0.2,0.5,512,none,full,103,0.5728155339805825,68.28478964401295,90.29126213592232,100.0,56.7535145628691,55.6051388306055
0.2,0.4,512,none,full,103,0.5728155339805825,68.28478964401295,90.29126213592232,100.0,58.350813581870455,57.20335921923657
0.2,0.6,512,adaptive,full,103,0.5825242718446602,68.20388349514565,90.21035598705501,100.0,54.19970097051915,52.429574758754775
0.2,0.7,512,adaptive,full,103,0.5825242718446602,68.20388349514565,90.21035598705501,100.0,55.79209417891372,54.13595922359094
0.2,0.5,512,adaptive,full,103,0.5825242718446602,68.20388349514565,90.21035598705501,100.0,56.089630097295476,54.38517669138942
0.2,0.4,512,adaptive,full,103,0.5825242718446602,68.20388349514565,90.21035598705501,100.0,57.860302908382224,56.22882524039596
0.15,0.5,640,adaptive,full,103,0.5922330097087378,68.20388349514565,86.97411003236249,100.0,67.4613339722482,65.73972232793503
0.15,0.4,640,adaptive,full,103,0.5922330097087378,68.20388349514565,86.97411003236249,100.0,68.0112562953829,66.273676702816
0.15,0.7,640,adaptive,full,103,0.5922330097087378,68.20388349514565,86.97411003236249,100.0,69.0683184465104,67.3898563118995
0.15,0.6,640,adaptive,full,103,0.5922330097087378,68.20388349514565,86.97411003236249,100.0,69.15011553283672,67.47448252450711
0.15,0.5,640,none,full,103,0.6116504854368932,68.042071197411,87.1359223300971,100.0,65.51645143925059,64.3732194139993
0.15,0.4,640,none,full,103,0.6116504854368932,68.042071197411,87.1359223300971,100.0,66.53271163972005,65.26986795739786
0.15,0.6,640,none,full,103,0.6116504854368932,68.042071197411,87.1359223300971,100.0,68.4359582509502,67.25187184180594
0.15,0.7,640,none,full,103,0.6116504854368932,68.042071197411,87.1359223300971,100.0,68.67194953103305,67.53884175186525
0.2,0.4,640,none,full,103,0.6019417475728155,67.63754045307445,74.27184466019418,100.0,67.37319418812369,66.22112718483126
0.2,0.5,640,adaptive,full,103,0.6019417475728155,67.63754045307445,74.27184466019418,100.0,67.57004564352225,65.90621164904961
0.2,0.5,640,none,full,103,0.6019417475728155,67.63754045307445,74.27184466019418,100.0,68.172548532495,67.02469416794557
0.2,0.6,640,adaptive,full,103,0.6019417475728155,67.63754045307445,74.27184466019418,100.0,68.64244952454295,66.85698932732988
0.2,0.7,640,adaptive,full,103,0.6019417475728155,67.63754045307445,74.27184466019418,100.0,69.32234367721904,67.6023174728294
0.2,0.7,640,none,full,103,0.6019417475728155,67.63754045307445,74.27184466019418,100.0,69.68798447237576,68.56858154794979
0.2,0.4,640,adaptive,full,103,0.6019417475728155,67.63754045307445,74.27184466019418,100.0,69.85750194250163,68.11489611615436
0.2,0.6,640,none,full,103,0.6019417475728155,67.63754045307445,74.27184466019418,100.0,71.6737097047848,70.52219611393667
0.25,0.5,512,always,full,103,0.6504854368932039,66.99029126213593,75.72815533980582,100.0,59.02212524551501,55.2119184500149
0.25,0.4,512,always,full,103,0.6504854368932039,66.99029126213593,75.72815533980582,100.0,59.33436990864756,55.49898252198563
0.25,0.7,512,always,full,103,0.6504854368932039,66.99029126213593,75.72815533980582,100.0,60.142062128593835,56.22813592041002
0.25,0.6,512,always,full,103,0.6504854368932039,66.99029126213593,75.72815533980582,100.0,60.61601846420107,56.753884476510066
0.2,0.5,416,adaptive,full,103,0.6310679611650486,66.58576051779934,92.47572815533981,100.0,44.02813689276866,42.32302135607065
0.2,0.6,416,adaptive,full,103,0.6310679611650486,66.58576051779934,92.47572815533981,100.0,45.13822913789235,43.424272822731545
0.2,0.7,416,adaptive,full,103,0.6310679611650486,66.58576051779934,92.47572815533981,100.0,45.27452136887219,43.59117767646981
0.2,0.4,416,adaptive,full,103,0.6310679611650486,66.58576051779934,92.47572815533981,100.0,45.95137864590885,44.17721650368778
0.2,0.7,416,none,full,103,0.6504854368932039,66.42394822006472,92.31391585760518,100.0,42.42248834648793,41.2595436955775
0.2,0.6,416,none,full,103,0.6504854368932039,66.42394822006472,92.31391585760518,100.0,42.90218544938575,41.75084369320386
0.2,0.4,416,none,full,103,0.6504854368932039,66.42394822006472,92.31391585760518,100.0,43.852534946461105,42.70184757436617
0.2,0.5,416,none,full,103,0.6504854368932039,66.42394822006472,92.31391585760518,100.0,46.04397960983723,44.77801067795315
0.4,0.6,512,adaptive,full,103,0.7184466019417476,66.18122977346279,68.1229773462783,100.0,54.44839127696327,52.805644673638916
0.4,0.4,512,adaptive,full,103,0.7184466019417476,66.18122977346279,68.1229773462783,100.0,54.61786310324102,52.9538019429169
0.4,0.5,512,adaptive,full,103,0.7184466019417476,66.18122977346279,68.1229773462783,100.0,56.36880970763458,54.737308738500026
0.4,0.7,512,adaptive,full,103,0.7184466019417476,66.18122977346279,68.1229773462783,100.0,57.21964369057813,55.515382525927016
0.4,0.6,512,none,full,103,0.7281553398058253,66.10032362459548,68.042071197411,100.0,54.40780582263596,53.236308737061194
0.4,0.5,512,none,full,103,0.7281553398058253,66.10032362459548,68.042071197411,100.0,54.840795153263706,53.721223307945266
0.4,0.4,512,none,full,103,0.7281553398058253,66.10032362459548,68.042071197411,100.0,58.09536601814613,56.99036990120573
0.4,0.7,512,none,full,103,0.7281553398058253,66.10032362459548,68.042071197411,100.0,58.72700581761095,57.58483980746162
0.15,0.4,640,always,full,103,0.6601941747572816,65.93851132686085,86.0032362459547,100.0,68.4563038685332,64.61681941641693
0.15,0.7,640,always,full,103,0.6601941747572816,65.93851132686085,86.0032362459547,100.0,70.31807475904165,66.46777184576122
0.15,0.5,640,always,full,103,0.6601941747572816,65.93851132686085,86.0032362459547,100.0,70.43770486511544,66.60547961245824
0.15,0.6,640,always,full,103,0.6601941747572816,65.93851132686085,86.0032362459547,100.0,72.35913301673402,68.5197630992105
0.3,0.7,320,adaptive,full,103,0.7281553398058253,65.29126213592234,74.67637540453075,100.0,34.121974763568964,32.359442721093885
0.3,0.5,320,adaptive,full,103,0.7281553398058253,65.29126213592234,74.67637540453075,100.0,35.039531063623,33.309560197911864
0.3,0.4,320,adaptive,full,103,0.7281553398058253,65.29126213592234,74.67637540453075,100.0,35.38110097124268,33.76626311032807
0.3,0.6,320,adaptive,full,103,0.7281553398058253,65.29126213592234,74.67637540453075,100.0,36.10586020326947,34.410418445262515
0.4,0.7,320,none,full,103,0.7766990291262136,65.29126213592232,67.23300970873787,100.0,32.97373203411517,31.860585436360566
0.4,0.4,320,none,full,103,0.7766990291262136,65.29126213592232,67.23300970873787,100.0,33.40642523581108,32.27393591812658
0.4,0.7,320,adaptive,full,103,0.7766990291262136,65.29126213592232,67.23300970873787,100.0,33.81982719010303,32.128533018409335
0.4,0.6,320,none,full,103,0.7766990291262136,65.29126213592232,67.23300970873787,100.0,33.868474764885036,32.70140194302443
0.4,0.4,320,adaptive,full,103,0.7766990291262136,65.29126213592232,67.23300970873787,100.0,34.20871941404399,32.55134854619436
0.4,0.5,320,adaptive,full,103,0.7766990291262136,65.29126213592232,67.23300970873787,100.0,34.28579417726441,32.54937475832016
0.4,0.5,320,none,full,103,0.7766990291262136,65.29126213592232,67.23300970873787,100.0,34.40320096317751,33.278643693865355
0.4,0.6,320,adaptive,full,103,0.7766990291262136,65.29126213592232,67.23300970873787,100.0,37.74690000200192,36.11155048925972
0.2,0.4,512,always,full,103,0.6893203883495146,65.21035598705502,84.14239482200647,100.0,57.762842736143654,53.875988351579
0.2,0.7,512,always,full,103,0.6893203883495146,65.21035598705502,84.14239482200647,100.0,58.041891258309406,54.28422038958779
0.2,0.5,512,always,full,103,0.6893203883495146,65.21035598705502,84.14239482200647,100.0,58.82858739401784,55.02628446986121
0.2,0.6,512,always,full,103,0.6893203883495146,65.21035598705502,84.14239482200647,100.0,62.26235435308111,58.35870485210303
0.25,0.4,640,always,full,103,0.6601941747572816,65.0485436893204,70.3883495145631,100.0,68.94242232868864,65.18332232965282
0.25,0.6,640,always,full,103,0.6601941747572816,65.0485436893204,70.3883495145631,100.0,73.80154466333356,69.96851747864586
0.25,0.5,640,always,full,103,0.6601941747572816,65.0485436893204,70.3883495145631,100.0,74.1620320358847,70.32240873984811
0.25,0.7,640,always,full,103,0.6601941747572816,65.0485436893204,70.3883495145631,100.0,75.16113592840695,71.25164465684878
0.3,0.4,320,none,full,103,0.7572815533980582,65.0485436893204,74.43365695792879,100.0,32.81058445776297,31.677759224232467
0.3,0.6,320,none,full,103,0.7572815533980582,65.0485436893204,74.43365695792879,100.0,34.08819806278294,32.985922327780536
0.3,0.7,320,none,full,103,0.7572815533980582,65.0485436893204,74.43365695792879,100.0,34.68985338830977,33.53353397857434
0.3,0.5,320,none,full,103,0.7572815533980582,65.0485436893204,74.43365695792879,100.0,35.10338737453036,33.96997378361456
0.2,0.6,320,adaptive,full,103,0.6990291262135923,64.96763754045305,91.66666666666667,100.0,34.021368925007586,32.30207670000789
0.2,0.4,320,adaptive,full,103,0.6990291262135923,64.96763754045305,91.66666666666667,100.0,36.13120389003668,34.47763883459011
0.2,0.5,320,adaptive,full,103,0.6990291262135923,64.96763754045305,91.66666666666667,100.0,36.27553592589729,34.55074465702496
0.2,0.7,320,adaptive,full,103,0.6990291262135923,64.96763754045305,91.66666666666667,100.0,36.46366019819149,34.80073398214231
0.15,0.7,512,none,full,103,0.6213592233009708,64.64401294498383,102.66990291262135,100.0,54.91841844739664,53.75615048484461
0.15,0.6,512,none,full,103,0.6213592233009708,64.64401294498383,102.66990291262135,100.0,56.21600681147312,55.05265631301564
0.15,0.4,512,none,full,103,0.6213592233009708,64.64401294498383,102.66990291262135,100.0,56.38672718529598,55.203704855142576
0.15,0.5,512,none,full,103,0.6213592233009708,64.64401294498383,102.66990291262135,100.0,57.16738155116192,56.01568640666354
0.15,0.7,512,always,full,103,0.6699029126213593,64.64401294498381,95.22653721682846,100.0,55.596792227272125,51.745183490108225
0.15,0.6,512,always,full,103,0.6699029126213593,64.64401294498381,95.22653721682846,100.0,57.85144465405819,53.93669320591409
0.15,0.4,512,always,full,103,0.6699029126213593,64.64401294498381,95.22653721682846,100.0,58.26044562657011,54.365413592341675
0.15,0.5,512,always,full,103,0.6699029126213593,64.64401294498381,95.22653721682846,100.0,61.949731064372635,58.0494757255684
0.4,0.5,416,adaptive,full,103,0.7572815533980582,64.64401294498381,68.52750809061489,100.0,43.3682601794926,41.67211261799432
0.4,0.4,416,adaptive,full,103,0.7572815533980582,64.64401294498381,68.52750809061489,100.0,44.02984466937199,42.367299037614785
0.4,0.6,416,adaptive,full,103,0.7572815533980582,64.64401294498381,68.52750809061489,100.0,44.75090290347422,43.04685339431089
0.4,0.7,416,adaptive,full,103,0.7572815533980582,64.64401294498381,68.52750809061489,100.0,44.99312330069002,43.304841747299484
0.15,0.5,512,adaptive,full,103,0.6310679611650486,64.56310679611651,102.75080906148868,100.0,53.74083301680868,52.03220195100796
0.15,0.4,512,adaptive,full,103,0.6310679611650486,64.56310679611651,102.75080906148868,100.0,55.174175721086854,53.33655048161745
0.15,0.6,512,adaptive,full,103,0.6310679611650486,64.56310679611651,102.75080906148868,100.0,55.7976087342803,53.981816500099825
0.15,0.7,512,adaptive,full,103,0.6310679611650486,64.56310679611651,102.75080906148868,100.0,56.659172814637785,54.75148738099678
0.3,0.5,416,always,full,103,0.7572815533980582,64.5631067961165,74.59546925566342,100.0,46.245681552569046,42.19594853704126
0.3,0.4,416,always,full,103,0.7572815533980582,64.5631067961165,74.59546925566342,100.0,46.522420393619505,42.64817086898369
0.3,0.6,416,always,full,103,0.7572815533980582,64.5631067961165,74.59546925566342,100.0,46.584351458451124,42.715862136813406
0.3,0.7,416,always,full,103,0.7572815533980582,64.5631067961165,74.59546925566342,100.0,47.46074951366856,43.697837863379675
0.4,0.5,416,none,full,103,0.7669902912621359,64.5631067961165,68.44660194174757,100.0,42.31745533835034,41.21621844960033
0.4,0.6,416,none,full,103,0.7669902912621359,64.5631067961165,68.44660194174757,100.0,43.42100388840637,42.26496505202925
0.4,0.4,416,none,full,103,0.7669902912621359,64.5631067961165,68.44660194174757,100.0,44.272066991396464,43.14701359841104
0.4,0.7,416,none,full,103,0.7669902912621359,64.5631067961165,68.44660194174757,100.0,44.51642912988849,43.39246504072064
0.3,0.6,512,always,full,103,0.7378640776699029,64.40129449838189,70.22653721682849,100.0,59.00507767173887,55.19274175189689
0.3,0.5,512,always,full,103,0.7378640776699029,64.40129449838189,70.22653721682849,100.0,59.81441069105007,55.95452620905544
0.3,0.4,512,always,full,103,0.7378640776699029,64.40129449838189,70.22653721682849,100.0,61.34408738269715,57.463921359016844
0.3,0.7,512,always,full,103,0.7378640776699029,64.40129449838189,70.22653721682849,100.0,62.6354204022859,58.7084252450579
0.3,0.7,640,adaptive,full,103,0.6796116504854369,64.32038834951456,65.29126213592232,100.0,67.35683300925726,65.63511262286129
0.3,0.5,640,adaptive,full,103,0.6796116504854369,64.32038834951456,65.29126213592232,100.0,67.76104757033325,66.08391456640534
0.3,0.6,640,adaptive,full,103,0.6796116504854369,64.32038834951456,65.29126213592232,100.0,69.30132136336591,67.60325242236293
0.3,0.4,640,adaptive,full,103,0.6796116504854369,64.32038834951456,65.29126213592232,100.0,71.66448641948185,69.99669320885887
0.2,0.4,320,none,full,103,0.6990291262135923,64.07766990291262,90.77669902912622,100.0,32.19469513707948,31.076271844195944
0.2,0.7,320,none,full,103,0.6990291262135923,64.07766990291262,90.77669902912622,100.0,33.632673785425,32.49795049162202
0.2,0.6,320,none,full,103,0.6990291262135923,64.07766990291262,90.77669902912622,100.0,33.9703815661425,32.816259218696324
0.2,0.5,320,none,full,103,0.6990291262135923,64.07766990291262,90.77669902912622,100.0,34.8409854431718,33.67441747500335
0.3,0.7,640,none,full,103,0.7184466019417476,63.99676375404531,64.96763754045308,100.0,66.97287088942723,65.81626991171716
0.3,0.4,640,none,full,103,0.7184466019417476,63.99676375404531,64.96763754045308,100.0,67.40746115451877,66.26239513472012
0.3,0.5,640,none,full,103,0.7184466019417476,63.99676375404531,64.96763754045308,100.0,70.70201650619036,69.54843883551838
0.3,0.6,640,none,full,103,0.7184466019417476,63.99676375404531,64.96763754045308,100.0,71.34476019006259,70.18699610687213
0.3,0.4,320,always,full,103,0.7281553398058253,63.99676375404531,71.44012944983818,100.0,35.507624281696906,31.65453980853148
0.3,0.5,320,always,full,103,0.7281553398058253,63.99676375404531,71.44012944983818,100.0,36.56223786370919,32.757102911930204
0.3,0.7,320,always,full,103,0.7281553398058253,63.99676375404531,71.44012944983818,100.0,37.39111943880223,33.48612913622259
0.3,0.6,320,always,full,103,0.7281553398058253,63.99676375404531,71.44012944983818,100.0,37.54870290076812,33.785251450715855
0.25,0.7,640,adaptive,full,103,0.6796116504854369,63.673139158576056,69.33656957928802,100.0,68.31021457164576,66.59142039173726
0.25,0.4,640,adaptive,full,103,0.6796116504854369,63.673139158576056,69.33656957928802,100.0,68.4169903047184,66.72407864271979
0.25,0.6,640,adaptive,full,103,0.6796116504854369,63.673139158576056,69.33656957928802,100.0,72.85513981353962,71.14057087461528
0.25,0.5,640,adaptive,full,103,0.6796116504854369,63.673139158576056,69.33656957928802,100.0,74.59332233236071,72.89149805686428
0.25,0.4,640,none,full,103,0.6893203883495146,63.59223300970875,69.25566343042071,100.0,68.45351456759444,67.31861165173135
0.25,0.7,640,none,full,103,0.6893203883495146,63.59223300970875,69.25566343042071,100.0,70.15233398844641,69.02569029208959
0.25,0.5,640,none,full,103,0.6893203883495146,63.59223300970875,69.25566343042071,100.0,74.08055534373824,72.92489515328147
0.25,0.6,640,none,full,103,0.6893203883495146,63.59223300970875,69.25566343042071,100.0,79.10362039172787,77.9433106784302
0.25,0.7,416,always,full,103,0.7572815533980582,63.592233009708735,77.18446601941747,100.0,46.64154562452645,42.8222058243706
0.25,0.5,416,always,full,103,0.7572815533980582,63.592233009708735,77.18446601941747,100.0,46.81690195484937,42.995736900337256
0.25,0.4,416,always,full,103,0.7572815533980582,63.592233009708735,77.18446601941747,100.0,47.21613979934561,43.3813893209094
0.25,0.6,416,always,full,103,0.7572815533980582,63.592233009708735,77.18446601941747,100.0,51.50559515515975,47.65579611790882
0.25,0.5,320,always,full,103,0.7184466019417476,63.430420711974115,78.64077669902913,100.0,36.52503592237939,32.78562912685815
0.25,0.4,320,always,full,103,0.7184466019417476,63.430420711974115,78.64077669902913,100.0,37.21384951410797,33.40479514891625
0.25,0.6,320,always,full,103,0.7184466019417476,63.430420711974115,78.64077669902913,100.0,37.557723292249065,33.721413587681155
0.25,0.7,320,always,full,103,0.7184466019417476,63.430420711974115,78.64077669902913,100.0,39.843795154225624,36.005115537741446
0.25,0.4,320,none,full,103,0.7281553398058253,63.43042071197411,82.84789644012946,100.0,34.06394562385615,32.89070678987875
0.25,0.5,320,none,full,103,0.7281553398058253,63.43042071197411,82.84789644012946,100.0,34.16064660092002,33.01866116336755
0.25,0.6,320,none,full,103,0.7281553398058253,63.43042071197411,82.84789644012946,100.0,34.780808740286425,33.6610135922968
0.25,0.7,320,none,full,103,0.7281553398058253,63.43042071197411,82.84789644012946,100.0,38.62733882851899,37.448035919297375
0.2,0.4,640,always,full,103,0.6699029126213593,63.34951456310681,75.16181229773463,100.0,69.63041941838755,65.72401649951573
0.2,0.7,640,always,full,103,0.6699029126213593,63.34951456310681,75.16181229773463,100.0,70.83189224223018,66.98120097986883
0.2,0.5,640,always,full,103,0.6699029126213593,63.34951456310681,75.16181229773463,100.0,71.08146894171617,67.2693116504482
0.2,0.6,640,always,full,103,0.6699029126213593,63.34951456310681,75.16181229773463,100.0,71.82922718359283,67.95367573329148
0.25,0.6,320,adaptive,full,103,0.7378640776699029,63.349514563106794,82.76699029126213,100.0,34.32656797123801,32.765744667663014
0.25,0.4,320,adaptive,full,103,0.7378640776699029,63.349514563106794,82.76699029126213,100.0,34.5063388270769,32.857485436517926
0.25,0.7,320,adaptive,full,103,0.7378640776699029,63.349514563106794,82.76699029126213,100.0,35.194516501805374,33.56157086938801
0.25,0.5,320,adaptive,full,103,0.7378640776699029,63.349514563106794,82.76699029126213,100.0,36.196812627909395,34.56758155184572
0.4,0.5,320,always,full,103,0.8155339805825242,62.13592233009709,66.01941747572816,100.0,35.966616505937814,32.07320097757015
0.4,0.6,320,always,full,103,0.8155339805825242,62.13592233009709,66.01941747572816,100.0,36.24033299726841,32.36139319199635
0.4,0.4,320,always,full,103,0.8155339805825242,62.13592233009709,66.01941747572816,100.0,36.43900484244511,32.539038827362496
0.4,0.7,320,always,full,103,0.8155339805825242,62.13592233009709,66.01941747572816,100.0,37.16468542714793,33.343635916538105
0.5,0.6,320,adaptive,full,103,0.8349514563106796,62.055016181229774,62.055016181229774,100.0,33.91370098151773,32.25108640928509
0.5,0.7,320,none,full,103,0.8349514563106796,62.055016181229774,62.055016181229774,100.0,34.0415301034227,32.91272912830006
0.5,0.5,320,none,full,103,0.8349514563106796,62.055016181229774,62.055016181229774,100.0,34.36961553163501,33.2635349494595
0.5,0.5,320,adaptive,full,103,0.8349514563106796,62.055016181229774,62.055016181229774,100.0,34.430320385970106,32.82050679333833
0.5,0.4,320,none,full,103,0.8349514563106796,62.055016181229774,62.055016181229774,100.0,34.769196117531905,33.64400000049217
0.5,0.6,320,none,full,103,0.8349514563106796,62.055016181229774,62.055016181229774,100.0,34.80428836231563,33.6675747632257
0.5,0.4,320,adaptive,full,103,0.8349514563106796,62.055016181229774,62.055016181229774,100.0,35.09372038635633,33.41689125806527
0.5,0.7,320,adaptive,full,103,0.8349514563106796,62.055016181229774,62.055016181229774,100.0,40.09945728269053,38.41007670423794
0.15,0.7,320,adaptive,full,103,0.8252427184466019,61.974110032362454,107.28155339805824,100.0,33.71720096024061,32.05151650466893
0.15,0.6,320,adaptive,full,103,0.8252427184466019,61.974110032362454,107.28155339805824,100.0,34.5894465973438,32.91219417390061
0.15,0.5,320,adaptive,full,103,0.8252427184466019,61.974110032362454,107.28155339805824,100.0,35.30389708082544,33.61632329642375
0.15,0.4,320,adaptive,full,103,0.8252427184466019,61.974110032362454,107.28155339805824,100.0,36.696143690225426,35.01747864144809
0.15,0.6,416,none,full,103,0.7378640776699029,61.812297734627826,111.0032362459547,100.0,43.481036895226,42.29318932630122
0.15,0.4,416,none,full,103,0.7378640776699029,61.812297734627826,111.0032362459547,100.0,43.95262233334259,42.81364757346116
0.15,0.5,416,none,full,103,0.7378640776699029,61.812297734627826,111.0032362459547,100.0,44.35216211736456,43.179951451076825
0.15,0.7,416,none,full,103,0.7378640776699029,61.812297734627826,111.0032362459547,100.0,44.88430194583839,43.753904853359735
0.15,0.5,416,adaptive,full,103,0.7864077669902912,61.407766990291265,110.76051779935275,100.0,43.52486699037435,41.73781747762475
0.15,0.7,416,adaptive,full,103,0.7864077669902912,61.407766990291265,110.76051779935275,100.0,45.00582622413894,43.31781748383876
0.15,0.4,416,adaptive,full,103,0.7864077669902912,61.407766990291265,110.76051779935275,100.0,45.353394175780195,43.69380291623687
0.15,0.6,416,adaptive,full,103,0.7864077669902912,61.407766990291265,110.76051779935275,100.0,46.32946408751592,44.66097379098782
0.5,0.7,320,always,full,103,0.8543689320388349,61.24595469255664,61.24595469255664,100.0,36.848510679951644,33.01605922215193
0.5,0.6,320,always,full,103,0.8543689320388349,61.24595469255664,61.24595469255664,100.0,37.145083488724694,33.26027961312205
0.5,0.4,320,always,full,103,0.8543689320388349,61.24595469255664,61.24595469255664,100.0,37.30147378858251,33.472769902747814
0.5,0.5,320,always,full,103,0.8543689320388349,61.24595469255664,61.24595469255664,100.0,37.619671835202396,33.754758250863446
0.15,0.7,320,none,full,103,0.8155339805825242,61.16504854368931,106.47249190938511,100.0,33.00975728327933,31.836775733944645
0.15,0.5,320,none,full,103,0.8155339805825242,61.16504854368931,106.47249190938511,100.0,33.04516407435091,31.870376692804534
0.15,0.4,320,none,full,103,0.8155339805825242,61.16504854368931,106.47249190938511,100.0,34.4315815414076,33.2698912520269
0.15,0.6,320,none,full,103,0.8155339805825242,61.16504854368931,106.47249190938511,100.0,34.91376117843845,33.73379612599219
0.3,0.5,640,always,full,103,0.7378640776699029,61.003236245954696,63.26860841423947,100.0,67.81811845032227,63.9510388300727
0.3,0.4,640,always,full,103,0.7378640776699029,61.003236245954696,63.26860841423947,100.0,70.40936407379951,66.56869029675981
0.3,0.7,640,always,full,103,0.7378640776699029,61.003236245954696,63.26860841423947,100.0,72.53352233244884,68.57844854216769
0.3,0.6,640,always,full,103,0.7378640776699029,61.003236245954696,63.26860841423947,100.0,73.08655435861387,69.23169417202799
0.2,0.6,320,always,full,103,0.7378640776699029,60.922330097087375,91.66666666666667,100.0,35.68092524413092,31.896582527710034
0.2,0.4,320,always,full,103,0.7378640776699029,60.922330097087375,91.66666666666667,100.0,35.71334271578715,31.875933985026933
0.2,0.7,320,always,full,103,0.7378640776699029,60.922330097087375,91.66666666666667,100.0,36.718300977739894,32.93065533824084
0.2,0.5,320,always,full,103,0.7378640776699029,60.922330097087375,91.66666666666667,100.0,38.78826407367563,34.932889315543825
0.2,0.5,416,always,full,103,0.7475728155339806,60.84142394822007,85.76051779935274,100.0,46.033503881031734,42.19236115821031
0.2,0.4,416,always,full,103,0.7475728155339806,60.84142394822007,85.76051779935274,100.0,46.61545631683712,42.76998058409041
0.2,0.7,416,always,full,103,0.7475728155339806,60.84142394822007,85.76051779935274,100.0,47.272026206556596,43.44864950167214
0.2,0.6,416,always,full,103,0.7475728155339806,60.84142394822007,85.76051779935274,100.0,48.36994854199872,44.5229029147298
0.5,0.4,416,none,full,103,0.8737864077669902,60.760517799352755,60.760517799352755,100.0,43.10244272657426,42.00973009885045
0.5,0.5,416,none,full,103,0.8737864077669902,60.760517799352755,60.760517799352755,100.0,43.53748542681626,42.39784173771414
0.5,0.7,416,adaptive,full,103,0.8737864077669902,60.760517799352755,60.760517799352755,100.0,44.2395621426946,42.586934957336815
0.5,0.7,416,none,full,103,0.8737864077669902,60.760517799352755,60.760517799352755,100.0,44.60812525064187,43.48008640820287
0.5,0.4,416,adaptive,full,103,0.8737864077669902,60.760517799352755,60.760517799352755,100.0,44.63794563435814,42.99616116297983
0.5,0.5,416,adaptive,full,103,0.8737864077669902,60.760517799352755,60.760517799352755,100.0,45.04616311027949,43.331699998533914
0.5,0.6,416,adaptive,full,103,0.8737864077669902,60.760517799352755,60.760517799352755,100.0,45.369336894686214,43.682328149567816
0.5,0.6,416,none,full,103,0.8737864077669902,60.760517799352755,60.760517799352755,100.0,46.5022466095725,45.366861169154134
0.4,0.4,512,always,full,103,0.8155339805825242,60.76051779935275,63.67313915857605,100.0,58.14377378753739,54.17799514388322
0.4,0.5,512,always,full,103,0.8155339805825242,60.76051779935275,63.67313915857605,100.0,58.56405533013811,54.38150388066594
0.4,0.6,512,always,full,103,0.8155339805825242,60.76051779935275,63.67313915857605,100.0,59.869966997529914,55.980302920130995
0.4,0.7,512,always,full,103,0.8155339805825242,60.76051779935275,63.67313915857605,100.0,60.15127087102353,56.28613494811308
0.4,0.6,416,always,full,103,0.8446601941747572,60.59870550161813,64.4822006472492,100.0,45.053375726656135,41.28166504918589
0.4,0.5,416,always,full,103,0.8446601941747572,60.59870550161813,64.4822006472492,100.0,47.1627165041231,43.26175922048685
0.4,0.4,416,always,full,103,0.8446601941747572,60.59870550161813,64.4822006472492,100.0,48.646073794055695,44.76690485969511
0.4,0.7,416,always,full,103,0.8446601941747572,60.59870550161813,64.4822006472492,100.0,49.767008741856415,45.941330098040694
0.4,0.5,640,none,full,103,0.8155339805825242,59.870550161812304,60.84142394822007,100.0,66.29577767131036,65.13379611644568
0.4,0.4,640,none,full,103,0.8155339805825242,59.870550161812304,60.84142394822007,100.0,67.91057670262904,66.79110679870418
0.4,0.7,640,none,full,103,0.8155339805825242,59.870550161812304,60.84142394822007,100.0,70.54482622623661,69.4280737893457
0.4,0.6,640,none,full,103,0.8155339805825242,59.870550161812304,60.84142394822007,100.0,71.91302038693023,70.7958980544823
0.4,0.5,640,adaptive,full,103,0.8252427184466019,59.78964401294499,60.760517799352755,100.0,66.73366795926924,65.05678930586583
0.4,0.6,640,adaptive,full,103,0.8252427184466019,59.78964401294499,60.760517799352755,100.0,67.26998835689054,65.60783397781582
0.4,0.4,640,adaptive,full,103,0.8252427184466019,59.78964401294499,60.760517799352755,100.0,68.26091359043946,66.5817640855167
0.4,0.7,640,adaptive,full,103,0.8252427184466019,59.78964401294499,60.760517799352755,100.0,69.23225048468312,67.60140291180063
0.5,0.7,512,adaptive,full,103,0.8932038834951457,57.76699029126215,59.708737864077676,100.0,55.771421365331385,53.9836349526366
0.5,0.6,512,adaptive,full,103,0.8932038834951457,57.76699029126215,59.708737864077676,100.0,57.09517184527392,55.41297281839098
0.5,0.4,512,adaptive,full,103,0.8932038834951457,57.76699029126215,59.708737864077676,100.0,58.011803892441094,56.39334368401939
0.5,0.5,512,adaptive,full,103,0.8932038834951457,57.76699029126215,59.708737864077676,100.0,58.38737475405474,56.73775243351363
0.5,0.7,512,none,full,103,0.912621359223301,57.605177993527526,59.546925566343056,100.0,54.934056315263646,53.81495728455845
0.5,0.4,512,none,full,103,0.912621359223301,57.605177993527526,59.546925566343056,100.0,57.15177862936613,56.03154271262363
0.5,0.5,512,none,full,103,0.912621359223301,57.605177993527526,59.546925566343056,100.0,57.31666988458087,56.19181164549392
0.5,0.6,512,none,full,103,0.912621359223301,57.605177993527526,59.546925566343056,100.0,59.68032717858486,58.561636892246824
0.15,0.5,416,always,full,103,0.8349514563106796,57.36245954692557,99.9190938511327,100.0,44.584828162186064,40.76020388402841
0.15,0.7,416,always,full,103,0.8349514563106796,57.36245954692557,99.9190938511327,100.0,45.579855334809395,41.7410728139622
0.15,0.4,416,always,full,103,0.8349514563106796,57.36245954692557,99.9190938511327,100.0,48.202838835722396,44.382210679632585
0.15,0.6,416,always,full,103,0.8349514563106796,57.36245954692557,99.9190938511327,100.0,48.685405822696836,44.80127475644887
0.5,0.4,512,always,full,103,0.9029126213592233,57.20064724919094,59.14239482200647,100.0,57.834796106795444,54.046603875885744
0.5,0.5,512,always,full,103,0.9029126213592233,57.20064724919094,59.14239482200647,100.0,58.50996019644211,54.6968815524981
0.5,0.7,512,always,full,103,0.9029126213592233,57.20064724919094,59.14239482200647,100.0,58.66993106992065,54.78146214047175
0.5,0.6,512,always,full,103,0.9029126213592233,57.20064724919094,59.14239482200647,100.0,62.77738250814632,58.7991611586739
0.5,0.5,640,none,full,103,0.883495145631068,56.71521035598706,56.71521035598706,100.0,66.39395534508473,65.27090582711784
0.5,0.4,640,adaptive,full,103,0.883495145631068,56.71521035598706,56.71521035598706,100.0,68.73432232984749,66.79749320310911
0.5,0.6,640,none,full,103,0.883495145631068,56.71521035598706,56.71521035598706,100.0,68.8733602037599,67.75838834486757
0.5,0.5,640,adaptive,full,103,0.883495145631068,56.71521035598706,56.71521035598706,100.0,68.93407767615959,67.29862329920807
0.5,0.7,640,adaptive,full,103,0.883495145631068,56.71521035598706,56.71521035598706,100.0,69.84367573100315,68.12212135850733
0.5,0.7,640,none,full,103,0.883495145631068,56.71521035598706,56.71521035598706,100.0,70.23925922282076,69.14051067540693
0.5,0.4,640,none,full,103,0.883495145631068,56.71521035598706,56.71521035598706,100.0,71.10612329832523,69.9958805801817
0.5,0.6,640,adaptive,full,103,0.883495145631068,56.71521035598706,56.71521035598706,100.0,72.69661164801857,71.010526217683
0.4,0.7,640,always,full,103,0.883495145631068,56.553398058252434,56.553398058252434,100.0,69.05067573500418,65.157994174724
0.4,0.4,640,always,full,103,0.883495145631068,56.553398058252434,56.553398058252434,100.0,69.50175338447347,65.66720679673611
0.4,0.5,640,always,full,103,0.883495145631068,56.553398058252434,56.553398058252434,100.0,70.26536504792284,66.36433494593767
0.4,0.6,640,always,full,103,0.883495145631068,56.553398058252434,56.553398058252434,100.0,70.73613979686414,66.96263106440384
0.5,0.4,416,always,full,103,0.9514563106796117,56.391585760517806,56.391585760517806,100.0,46.152874765221426,42.37548252273785
0.5,0.7,416,always,full,103,0.9514563106796117,56.391585760517806,56.391585760517806,100.0,48.38370775704462,44.61681553008921
0.5,0.5,416,always,full,103,0.9514563106796117,56.391585760517806,56.391585760517806,100.0,49.5147349457573,45.76976019301389
0.5,0.6,416,always,full,103,0.9514563106796117,56.391585760517806,56.391585760517806,100.0,49.59041649674617,45.72562232740151
0.1,0.6,640,adaptive,full,103,0.9514563106796117,56.22977346278317,120.30744336569579,100.0,67.45984271345027,65.7090300974409
0.1,0.7,640,adaptive,full,103,0.9514563106796117,56.22977346278317,120.30744336569579,100.0,67.79536795214686,66.04403980388261
0.1,0.5,640,adaptive,full,103,0.9514563106796117,56.22977346278317,120.30744336569579,100.0,67.89351748279974,66.11522718658219
0.1,0.4,640,adaptive,full,103,0.9514563106796117,56.22977346278317,120.30744336569579,100.0,70.28485922983766,68.47804175120173
0.1,0.6,640,none,full,103,0.9611650485436893,56.148867313915865,120.3883495145631,100.0,67.0932659967486,65.91005630461156
0.1,0.7,640,none,full,103,0.9611650485436893,56.148867313915865,120.3883495145631,100.0,67.908282520575,66.73023106589082
0.1,0.5,640,none,full,103,0.9611650485436893,56.148867313915865,120.3883495145631,100.0,68.81497377638244,67.62389125962497
0.1,0.4,640,none,full,103,0.9611650485436893,56.148867313915865,120.3883495145631,100.0,70.47032135611093,69.27915242640753
0.1,0.4,512,adaptive,full,103,0.912621359223301,56.067961165048544,126.94174757281553,100.0,55.309430095909654,53.562470873392826
0.1,0.5,512,adaptive,full,103,0.912621359223301,56.067961165048544,126.94174757281553,100.0,56.679417491094796,54.9109747624296
0.1,0.7,512,adaptive,full,103,0.912621359223301,56.067961165048544,126.94174757281553,100.0,56.83145923562601,55.127342717577385
0.1,0.6,512,adaptive,full,103,0.912621359223301,56.067961165048544,126.94174757281553,100.0,56.848559224553114,55.07485631252051
0.1,0.5,512,none,full,103,0.9223300970873787,55.98705501618123,127.02265372168286,100.0,55.61334271440554,54.41870388588461
0.1,0.6,512,none,full,103,0.9223300970873787,55.98705501618123,127.02265372168286,100.0,55.61945242558615,54.43290679588986
0.1,0.7,512,none,full,103,0.9223300970873787,55.98705501618123,127.02265372168286,100.0,56.04966019293818,54.826092228148745
0.1,0.4,512,none,full,103,0.9223300970873787,55.98705501618123,127.02265372168286,100.0,61.91944369472093,60.69989902876064
0.15,0.4,320,always,full,103,0.8932038834951457,55.74433656957929,108.00970873786407,100.0,35.172473800874954,31.413255349814314
0.15,0.6,320,always,full,103,0.8932038834951457,55.74433656957929,108.00970873786407,100.0,36.296680571909235,32.41569126133346
0.15,0.5,320,always,full,103,0.8932038834951457,55.74433656957929,108.00970873786407,100.0,36.724285433945944,32.87902523343026
0.15,0.7,320,always,full,103,0.8932038834951457,55.74433656957929,108.00970873786407,100.0,36.753799020339855,32.978534944879925
0.1,0.7,640,always,full,103,0.9514563106796117,53.883495145631066,117.79935275080905,100.0,69.18809321048914,65.24822330531818
0.1,0.6,640,always,full,103,0.9514563106796117,53.883495145631066,117.79935275080905,100.0,71.62984853578749,67.73105825103133
0.1,0.5,640,always,full,103,0.9514563106796117,53.883495145631066,117.79935275080905,100.0,72.34803882757545,68.37828252554952
0.1,0.4,640,always,full,103,0.9514563106796117,53.883495145631066,117.79935275080905,100.0,72.54514563263584,68.54615242274713
0.5,0.6,640,always,full,103,0.9514563106796117,53.721682847896446,53.721682847896446,100.0,68.78875825979105,64.93355825688074
0.5,0.7,640,always,full,103,0.9514563106796117,53.721682847896446,53.721682847896446,100.0,70.27958738233315,66.40131748394444
0.5,0.4,640,always,full,103,0.9514563106796117,53.721682847896446,53.721682847896446,100.0,70.9779941741359,67.18740679857149
0.5,0.5,640,always,full,103,0.9514563106796117,53.721682847896446,53.721682847896446,100.0,71.44011940707642,67.63836990101534
0.1,0.6,512,always,full,103,1.0097087378640777,53.155339805825236,126.77993527508092,100.0,58.12313106335989,54.26481844703622
0.1,0.7,512,always,full,103,1.0097087378640777,53.155339805825236,126.77993527508092,100.0,59.12243979598748,55.28098154582481
0.1,0.5,512,always,full,103,1.0097087378640777,53.155339805825236,126.77993527508092,100.0,59.128464082057036,55.172320390888714
0.1,0.4,512,always,full,103,1.0097087378640777,53.155339805825236,126.77993527508092,100.0,60.51737282456812,56.54657379389533
0.1,0.5,320,always,full,103,1.087378640776699,50.16181229773463,131.22977346278316,100.0,36.770853401586706,32.84267280748096
0.1,0.7,320,always,full,103,1.087378640776699,50.16181229773463,131.22977346278316,100.0,37.55272329825618,33.673353397142755
0.1,0.6,320,always,full,103,1.087378640776699,50.16181229773463,131.22977346278316,100.0,37.68259611374075,33.746250486905566
0.1,0.4,320,always,full,103,1.087378640776699,50.16181229773463,131.22977346278316,100.0,39.888363114549115,34.15576795351158
0.1,0.7,320,adaptive,full,103,1.145631067961165,49.83818770226537,137.54045307443366,100.0,34.20896311200143,32.49132135561984
0.1,0.6,320,adaptive,full,103,1.145631067961165,49.83818770226537,137.54045307443366,100.0,35.22223592577593,33.45829223675961
0.1,0.4,320,adaptive,full,103,1.145631067961165,49.83818770226537,137.54045307443366,100.0,35.3433524057251,33.63539028496852
0.1,0.5,320,adaptive,full,103,1.145631067961165,49.83818770226537,137.54045307443366,100.0,37.20316312330079,35.47269417746083
0.1,0.6,416,adaptive,full,103,1.1941747572815533,49.110032362459556,138.59223300970874,100.0,44.18421456323557,42.416162127674134
0.1,0.7,416,adaptive,full,103,1.1941747572815533,49.110032362459556,138.59223300970874,100.0,44.33903495952921,42.59550679832227
0.1,0.4,416,adaptive,full,103,1.1941747572815533,49.110032362459556,138.59223300970874,100.0,46.32329999003559,44.47639902976785
0.1,0.5,416,adaptive,full,103,1.1941747572815533,49.110032362459556,138.59223300970874,100.0,50.991996117976036,49.174018448345294
0.1,0.6,416,none,full,103,1.203883495145631,49.02912621359224,138.67313915857605,100.0,41.468153402516705,40.264506791537464
0.1,0.5,416,none,full,103,1.203883495145631,49.02912621359224,138.67313915857605,100.0,44.01571261447863,42.816492234971555
0.1,0.7,416,none,full,103,1.203883495145631,49.02912621359224,138.67313915857605,100.0,45.173532037896294,43.98176892778104
0.1,0.4,416,none,full,103,1.203883495145631,49.02912621359224,138.67313915857605,100.0,46.96576213758005,45.75722718394353
0.1,0.7,320,none,full,103,1.145631067961165,48.94822006472492,136.48867313915858,100.0,33.75378835977968,32.567099035147905
0.1,0.5,320,none,full,103,1.145631067961165,48.94822006472492,136.48867313915858,100.0,35.08115242669377,33.89133398027783
0.1,0.4,320,none,full,103,1.145631067961165,48.94822006472492,136.48867313915858,100.0,35.70968252764924,34.08945727871858
0.1,0.6,320,none,full,103,1.145631067961165,48.94822006472492,136.48867313915858,100.0,35.72810000233642,34.530662131287805
0.1,0.4,416,always,full,103,1.174757281553398,48.05825242718446,132.5242718446602,100.0,45.197663101982506,41.3444873795492
0.1,0.7,416,always,full,103,1.174757281553398,48.05825242718446,132.5242718446602,100.0,45.24893979926241,41.393527181285606
0.1,0.5,416,always,full,103,1.174757281553398,48.05825242718446,132.5242718446602,100.0,46.402303877205235,42.51408446421937
0.1,0.6,416,always,full,103,1.174757281553398,48.05825242718446,132.5242718446602,100.0,48.657023298183404,44.75313009924789
