image,actual_count
2-orang.jpg,2
20260925_144901_692_frame_000001.jpg,1
20260925_144949_876_frame_000002.jpg,1
20260925_145038_994_frame_000003.jpg,1
20260925_145128_161_frame_000004.jpg,1
20260925_145221_692_frame_000005.jpg,0
20260925_145310_241_frame_000006.jpg,1
20260925_145358_772_frame_000007.jpg,4
20260925_145447_017_frame_000008.jpg,4
20260925_145541_532_frame_000009.jpg,0
20260925_145630_824_frame_000010.jpg,1
20260925_145719_720_frame_000011.jpg,1
20260925_145809_313_frame_000012.jpg,1
20260925_150155_563_frame_000013.jpg,1
20260925_150244_864_frame_000014.jpg,2
20260925_150334_181_frame_000015.jpg,2
20260925_150426_122_frame_000016.jpg,1
20260925_150514_869_frame_000017.jpg,1
20260925_150604_229_frame_000018.jpg,1
20260925_150653_475_frame_000019.jpg,1
20260925_151000_211_frame_000001.jpg,0
20260925_151006_540_frame_000002.jpg,0
20260925_151011_312_frame_000003.jpg,0
20260925_151015_246_frame_000004.jpg,0
20260925_151019_724_frame_000005.jpg,0
20260925_151024_645_frame_000006.jpg,0
20260925_151030_021_frame_000007.jpg,2
20260925_151035_191_frame_000008.jpg,1
20260925_151040_064_frame_000009.jpg,1
20260925_151044_962_frame_000010.jpg,1
20260925_151049_914_frame_000011.jpg,1
20260925_151055_104_frame_000012.jpg,2
20260925_151059_896_frame_000013.jpg,1
20260925_151105_110_frame_000014.jpg,1
20260925_151110_433_frame_000015.jpg,2
20260925_151114_823_frame_000016.jpg,2
20260925_151119_896_frame_000017.jpg,2
20260925_151124_800_frame_000018.jpg,2
20260925_151129_784_frame_000019.jpg,1
20260925_151134_841_frame_000020.jpg,2
20260925_151139_959_frame_000021.jpg,2
20260925_151144_886_frame_000022.jpg,2
20260925_151149_865_frame_000023.jpg,2
20260925_151154_811_frame_000024.jpg,2
20260925_151159_768_frame_000025.jpg,3
20260925_151620_234_frame_000001.jpg,2
20260925_151625_061_frame_000002.jpg,3
20260925_151629_975_frame_000003.jpg,2
20260925_151634_788_frame_000004.jpg,2
20260925_151639_904_frame_000005.jpg,2
20260925_151645_038_frame_000006.jpg,2
20260925_151650_980_frame_000007.jpg,2
20260925_151655_359_frame_000008.jpg,2
20260925_151700_183_frame_000009.jpg,2
20260925_151704_809_frame_000010.jpg,2
20260925_151709_911_frame_000011.jpg,2
20260925_151714_811_frame_000012.jpg,2
20260925_151720_659_frame_000013.jpg,2
20260925_151725_467_frame_000014.jpg,2
20260925_151729_996_frame_000015.jpg,2
20260925_151734_989_frame_000016.jpg,2
20260925_151740_012_frame_000017.jpg,2
20260925_151744_897_frame_000018.jpg,2
20260925_151749_849_frame_000019.jpg,2
20260925_151754_950_frame_000020.jpg,2
20260925_151759_899_frame_000021.jpg,2
20260925_151804_895_frame_000022.jpg,2
20260925_151811_501_frame_000023.jpg,2
20260925_151815_341_frame_000024.jpg,2
20260925_151821_282_frame_000025.jpg,2
20260925_151825_910_frame_000026.jpg,2
20260925_151830_106_frame_000027.jpg,2
20260925_151835_107_frame_000028.jpg,2
20260925_151840_331_frame_000029.jpg,3
20260925_151845_211_frame_000030.jpg,3
20260925_151850_221_frame_000031.jpg,2
20260925_151855_334_frame_000032.jpg,2
20260925_151903_490_frame_000033.jpg,1
20260925_151905_208_frame_000034.jpg,2
20260925_151910_336_frame_000035.jpg,1
20260925_151915_028_frame_000036.jpg,2
20260925_151921_080_frame_000037.jpg,2
20260925_151928_145_frame_000038.jpg,1
20260925_151930_304_frame_000039.jpg,2
20260925_151935_314_frame_000040.jpg,2
20260925_151940_024_frame_000041.jpg,2
20260925_151944_929_frame_000042.jpg,2
20260925_151950_066_frame_000043.jpg,2
20260925_151954_983_frame_000044.jpg,2
20260925_152000_922_frame_000045.jpg,2
20260925_152005_520_frame_000046.jpg,2
20260925_152010_037_frame_000047.jpg,2
20260925_152015_150_frame_000048.jpg,1
20260925_152020_066_frame_000049.jpg,1
20260925_152025_083_frame_000050.jpg,2
20260925_152030_202_frame_000051.jpg,2
20260925_152034_922_frame_000052.jpg,2
20260925_152040_003_frame_000053.jpg,2
20260925_152044_603_frame_000054.jpg,0
3-orang_1.jpg,3
3-orang_2.jpg,3
bus_banyak (1).jpeg,12
bus_banyak.jpeg,12
