sequence,receive_pc_ms,receive_pc_utc,device_timestamp_ms,device_timestamp_utc,latency_ms,inter_arrival_ms,bus_voltage_v,shunt_voltage_mv,current_ma,power_mw
1,1790914403217.247,2026-10-02T04:13:23.217+00:00,,,,,5.051,-0.027,0.000,0.000
2,1790914405224.596,2026-10-02T04:13:25.224+00:00,,,,2007.350,5.049,-0.027,0.000,0.000
3,1790914407240.707,2026-10-02T04:13:27.240+00:00,,,,2016.111,5.014,-0.027,0.000,0.000
4,1790914409237.490,2026-10-02T04:13:29.237+00:00,,,,1996.783,5.051,-0.025,0.000,0.000
5,1790914411224.775,2026-10-02T04:13:31.224+00:00,,,,1987.285,5.052,-0.023,0.000,0.000
6,1790914413232.734,2026-10-02T04:13:33.232+00:00,,,,2007.959,5.051,-0.025,0.000,0.000
7,1790914415305.831,2026-10-02T04:13:35.305+00:00,,,,2073.097,5.012,-0.027,0.000,0.000
8,1790914417276.563,2026-10-02T04:13:37.276+00:00,,,,1970.732,5.051,-0.027,0.000,0.000
9,1790914419217.004,2026-10-02T04:13:39.217+00:00,,,,1940.441,5.049,-0.027,0.000,0.000
10,1790914421202.749,2026-10-02T04:13:41.202+00:00,,,,1985.745,5.048,-0.030,0.000,0.000
11,1790914423206.361,2026-10-02T04:13:43.206+00:00,,,,2003.612,5.049,-0.027,0.000,0.000
12,1790914425213.893,2026-10-02T04:13:45.213+00:00,,,,2007.532,5.049,-0.027,0.000,0.000
13,1790914427403.262,2026-10-02T04:13:47.403+00:00,,,,2189.369,5.051,-0.030,0.000,0.000
14,1790914429608.151,2026-10-02T04:13:49.608+00:00,,,,2204.889,5.051,-0.030,0.000,0.000
15,1790914431547.277,2026-10-02T04:13:51.547+00:00,,,,1939.126,5.054,-0.027,0.000,0.000
16,1790914433413.448,2026-10-02T04:13:53.413+00:00,,,,1866.171,5.036,-0.027,0.000,0.000
17,1790914435304.697,2026-10-02T04:13:55.304+00:00,,,,1891.248,5.051,-0.027,0.000,0.000
18,1790914437236.091,2026-10-02T04:13:57.236+00:00,,,,1931.394,5.050,-0.027,0.000,0.000
19,1790914439541.061,2026-10-02T04:13:59.541+00:00,,,,2304.971,5.050,-0.027,0.000,0.000
20,1790914441266.064,2026-10-02T04:14:01.266+00:00,,,,1725.003,5.051,-0.027,0.000,0.000
1,1790914509362.868,2026-10-02T04:15:09.362+00:00,,,,,4.889,9.333,0.000,0.000
2,1790914511407.401,2026-10-02T04:15:11.407+00:00,,,,2044.533,4.889,11.095,0.000,0.000
3,1790914513401.776,2026-10-02T04:15:13.401+00:00,,,,1994.375,4.886,9.985,0.000,0.000
4,1790914515364.749,2026-10-02T04:15:15.364+00:00,,,,1962.973,4.885,11.092,0.000,0.000
5,1790914517527.866,2026-10-02T04:15:17.527+00:00,,,,2163.118,4.885,10.662,0.000,0.000
6,1790914519449.985,2026-10-02T04:15:19.449+00:00,,,,1922.118,4.884,11.070,0.000,0.000
7,1790914521392.744,2026-10-02T04:15:21.392+00:00,,,,1942.759,4.886,11.087,0.000,0.000
8,1790914523383.035,2026-10-02T04:15:23.383+00:00,,,,1990.291,4.890,9.352,0.000,0.000
9,1790914525385.325,2026-10-02T04:15:25.385+00:00,,,,2002.290,4.754,18.475,0.000,0.000
10,1790914527382.100,2026-10-02T04:15:27.382+00:00,,,,1996.775,4.890,10.105,0.000,0.000
11,1790914529501.454,2026-10-02T04:15:29.501+00:00,,,,2119.354,4.861,11.108,0.000,0.000
12,1790914531531.087,2026-10-02T04:15:31.531+00:00,,,,2029.633,4.875,10.935,0.000,0.000
