sequence,device_timestamp_ms,device_timestamp_utc,receive_pc_raw_ms,receive_pc_raw_utc,receive_pc_corrected_ms,receive_pc_corrected_utc,ntp_offset_ms,ntp_rtt_ms,latency_raw_ms,latency_corrected_ms,mqtt_payload_bytes,base64_chars,jpeg_bytes,base64_decode_ms,image_save_ms,save_image,file_path
1,1790740721679,2026-09-30T03:58:41.679+00:00,1790740689930.531,2026-09-30T03:58:09.930+00:00,1790740732119.265,2026-09-30T03:58:52.119+00:00,42188.733,28.017,-31748.469,10440.265,6814,6776,5082,0.065,1.441,1,received_images_latency\frame_000001.jpg
2,1790740736330,2026-09-30T03:58:56.330+00:00,1790740694674.019,2026-09-30T03:58:14.674+00:00,1790740736862.752,2026-09-30T03:58:56.862+00:00,42188.733,28.017,-41655.981,532.752,5766,5728,4295,0.018,0.936,1,received_images_latency\frame_000002.jpg
3,1790740741330,2026-09-30T03:59:01.330+00:00,1790740699659.035,2026-09-30T03:58:19.659+00:00,1790740741847.768,2026-09-30T03:59:01.847+00:00,42188.733,28.017,-41670.965,517.768,5546,5508,4130,0.081,1.653,1,received_images_latency\frame_000003.jpg
4,1790740746330,2026-09-30T03:59:06.330+00:00,1790740704502.619,2026-09-30T03:58:24.502+00:00,1790740746691.353,2026-09-30T03:59:06.691+00:00,42188.733,28.017,-41827.381,361.353,5654,5616,4212,0.014,0.851,1,received_images_latency\frame_000004.jpg
5,1790740751330,2026-09-30T03:59:11.330+00:00,1790740709669.081,2026-09-30T03:58:29.669+00:00,1790740751857.814,2026-09-30T03:59:11.857+00:00,42188.733,28.017,-41660.919,527.814,5490,5452,4089,0.038,1.203,1,received_images_latency\frame_000005.jpg
6,1790740756330,2026-09-30T03:59:16.330+00:00,1790740714865.576,2026-09-30T03:58:34.865+00:00,1790740757054.310,2026-09-30T03:59:17.054+00:00,42188.733,28.017,-41464.424,724.310,5846,5808,4355,0.033,1.346,1,received_images_latency\frame_000006.jpg
7,1790740761330,2026-09-30T03:59:21.330+00:00,1790740719659.278,2026-09-30T03:58:39.659+00:00,1790740761848.011,2026-09-30T03:59:21.848+00:00,42188.733,28.017,-41670.722,518.011,5746,5708,4281,0.015,0.755,1,received_images_latency\frame_000007.jpg
8,1790740766330,2026-09-30T03:59:26.330+00:00,1790740724703.502,2026-09-30T03:58:44.703+00:00,1790740766892.236,2026-09-30T03:59:26.892+00:00,42188.733,28.017,-41626.498,562.236,5514,5476,4107,0.031,1.364,1,received_images_latency\frame_000008.jpg
9,1790740771330,2026-09-30T03:59:31.330+00:00,1790740729821.854,2026-09-30T03:58:49.821+00:00,1790740772010.588,2026-09-30T03:59:32.010+00:00,42188.733,28.017,-41508.146,680.588,5482,5444,4082,0.017,0.988,1,received_images_latency\frame_000009.jpg
1,1790746288940,2026-09-30T05:31:28.940+00:00,1790746247167.642,2026-09-30T05:30:47.167+00:00,1790746289633.109,2026-09-30T05:31:29.633+00:00,42465.468,16.175,-41772.358,693.109,6517,6428,4819,0.068,2.140,0.0,0.0,0.0,1,received_images_latency\frame_000001.jpg
2,1790746293940,2026-09-30T05:31:33.940+00:00,1790746252293.652,2026-09-30T05:30:52.293+00:00,1790746294759.119,2026-09-30T05:31:34.759+00:00,42465.468,16.175,-41646.348,819.119,6793,6704,5026,0.029,1.662,0.0,0.0,0.0,1,received_images_latency\frame_000002.jpg
3,1790746298940,2026-09-30T05:31:38.940+00:00,1790746257200.271,2026-09-30T05:30:57.200+00:00,1790746299665.738,2026-09-30T05:31:39.665+00:00,42465.468,16.175,-41739.729,725.738,5617,5528,4145,0.023,1.973,0.0,0.0,0.0,1,received_images_latency\frame_000003.jpg
4,1790746303940,2026-09-30T05:31:43.940+00:00,1790746262123.587,2026-09-30T05:31:02.123+00:00,1790746304589.055,2026-09-30T05:31:44.589+00:00,42465.468,16.175,-41816.413,649.055,6129,6040,4529,0.026,1.136,0.0,0.0,0.0,1,received_images_latency\frame_000004.jpg
5,1790746308940,2026-09-30T05:31:48.940+00:00,1790746266971.757,2026-09-30T05:31:06.971+00:00,1790746309437.225,2026-09-30T05:31:49.437+00:00,42465.468,16.175,-41968.243,497.225,6501,6412,4808,0.043,1.271,0.0,0.0,0.0,1,received_images_latency\frame_000005.jpg
6,1790746313940,2026-09-30T05:31:53.940+00:00,1790746272153.110,2026-09-30T05:31:12.153+00:00,1790746314618.577,2026-09-30T05:31:54.618+00:00,42465.468,16.175,-41786.890,678.577,6133,6044,4531,0.069,1.680,0.0,0.0,0.0,1,received_images_latency\frame_000006.jpg
7,1790746318940,2026-09-30T05:31:58.940+00:00,1790746277169.106,2026-09-30T05:31:17.169+00:00,1790746319634.574,2026-09-30T05:31:59.634+00:00,42465.468,16.175,-41770.894,694.574,6829,6740,5054,0.032,1.933,0.0,0.0,0.0,1,received_images_latency\frame_000007.jpg
8,1790746323940,2026-09-30T05:32:03.940+00:00,1790746282254.751,2026-09-30T05:31:22.254+00:00,1790746324720.219,2026-09-30T05:32:04.720+00:00,42465.468,16.175,-41685.249,780.219,8741,8652,6488,0.060,2.038,0.0,0.0,0.0,1,received_images_latency\frame_000008.jpg
9,1790746328940,2026-09-30T05:32:08.940+00:00,1790746287156.975,2026-09-30T05:31:27.156+00:00,1790746329622.442,2026-09-30T05:32:09.622+00:00,42465.468,16.175,-41783.025,682.442,6885,6796,5096,0.030,1.079,0.0,0.0,0.0,1,received_images_latency\frame_000009.jpg
10,1790746333940,2026-09-30T05:32:13.940+00:00,1790746292461.748,2026-09-30T05:31:32.461+00:00,1790746334927.216,2026-09-30T05:32:14.927+00:00,42465.468,16.175,-41478.252,987.216,7617,7528,5646,0.051,1.709,0.0,0.0,0.0,1,received_images_latency\frame_000010.jpg
11,1790746338940,2026-09-30T05:32:18.940+00:00,1790746297171.069,2026-09-30T05:31:37.171+00:00,1790746339636.536,2026-09-30T05:32:19.636+00:00,42465.468,16.175,-41768.931,696.536,7757,7668,5750,0.042,1.645,0.0,0.0,0.0,1,received_images_latency\frame_000011.jpg
