sequence,device_timestamp_ms,device_timestamp_utc,receive_pc_raw_ms,receive_pc_raw_utc,receive_pc_corrected_ms,receive_pc_corrected_utc,ntp_offset_ms,ntp_rtt_ms,latency_raw_ms,latency_corrected_ms,payload_bytes,image_base64_chars,has_image,voltage_v,current_a,power_w
1,1790740334924,2026-09-30T03:52:14.924+00:00,1790740303105.833,2026-09-30T03:51:43.105+00:00,1790740345307.970,2026-09-30T03:52:25.307+00:00,42202.137,24.145,-31818.167,10383.970,9746,9708,1,,,
2,1790740344243,2026-09-30T03:52:24.243+00:00,1790740303460.228,2026-09-30T03:51:43.460+00:00,1790740345662.365,2026-09-30T03:52:25.662+00:00,42202.137,24.145,-40782.772,1419.365,7970,7932,1,,,
3,1790740349243,2026-09-30T03:52:29.243+00:00,1790740307615.578,2026-09-30T03:51:47.615+00:00,1790740349817.716,2026-09-30T03:52:29.817+00:00,42202.137,24.145,-41627.422,574.716,5898,5860,1,,,
4,1790740354243,2026-09-30T03:52:34.243+00:00,1790740312424.859,2026-09-30T03:51:52.424+00:00,1790740354626.996,2026-09-30T03:52:34.626+00:00,42202.137,24.145,-41818.141,383.996,6006,5968,1,,,
5,1790740359243,2026-09-30T03:52:39.243+00:00,1790740317825.166,2026-09-30T03:51:57.825+00:00,1790740360027.304,2026-09-30T03:52:40.027+00:00,42202.137,24.145,-41417.834,784.304,5854,5816,1,,,
6,1790740386838,2026-09-30T03:53:06.838+00:00,1790740345169.323,2026-09-30T03:52:25.169+00:00,1790740387371.460,2026-09-30T03:53:07.371+00:00,42202.137,24.145,-41668.677,533.460,4342,4304,1,,,
7,1790740391838,2026-09-30T03:53:11.838+00:00,1790740352322.680,2026-09-30T03:52:32.322+00:00,1790740394524.818,2026-09-30T03:53:14.524+00:00,42202.137,24.145,-39515.320,2686.818,4286,4248,1,,,
8,1790740396838,2026-09-30T03:53:16.838+00:00,1790740355336.086,2026-09-30T03:52:35.336+00:00,1790740397538.223,2026-09-30T03:53:17.538+00:00,42202.137,24.145,-41501.914,700.223,4362,4324,1,,,
9,1790740401838,2026-09-30T03:53:21.838+00:00,1790740360146.714,2026-09-30T03:52:40.146+00:00,1790740402348.852,2026-09-30T03:53:22.348+00:00,42202.137,24.145,-41691.286,510.852,4258,4220,1,,,
10,1790740406838,2026-09-30T03:53:26.838+00:00,1790740365379.618,2026-09-30T03:52:45.379+00:00,1790740407581.755,2026-09-30T03:53:27.581+00:00,42202.137,24.145,-41458.382,743.755,4590,4552,1,,,
11,1790740411838,2026-09-30T03:53:31.838+00:00,1790740370286.402,2026-09-30T03:52:50.286+00:00,1790740412488.539,2026-09-30T03:53:32.488+00:00,42202.137,24.145,-41551.598,650.539,4730,4692,1,,,
12,1790740416838,2026-09-30T03:53:36.838+00:00,1790740375220.260,2026-09-30T03:52:55.220+00:00,1790740417422.397,2026-09-30T03:53:37.422+00:00,42202.137,24.145,-41617.740,584.397,4710,4672,1,,,
13,1790740421838,2026-09-30T03:53:41.838+00:00,1790740380529.968,2026-09-30T03:53:00.529+00:00,1790740422732.105,2026-09-30T03:53:42.732+00:00,42202.137,24.145,-41308.032,894.105,8794,8756,1,,,
1,1790740441838,2026-09-30T03:54:01.838+00:00,1790740400398.304,2026-09-30T03:53:20.398+00:00,1790740442598.339,2026-09-30T03:54:02.598+00:00,42200.035,24.571,-41439.696,760.339,6418,6380,1,,,
2,1790740446838,2026-09-30T03:54:06.838+00:00,1790740405311.988,2026-09-30T03:53:25.311+00:00,1790740447512.023,2026-09-30T03:54:07.512+00:00,42200.035,24.571,-41526.012,674.023,5218,5180,1,,,
3,1790740451838,2026-09-30T03:54:11.838+00:00,1790740411763.801,2026-09-30T03:53:31.763+00:00,1790740453963.836,2026-09-30T03:54:13.963+00:00,42200.035,24.571,-40074.199,2125.836,7926,7888,1,,,
4,1790740456838,2026-09-30T03:54:16.838+00:00,1790740415605.483,2026-09-30T03:53:35.605+00:00,1790740457805.518,2026-09-30T03:54:17.805+00:00,42200.035,24.571,-41232.517,967.518,6678,6640,1,,,
5,1790740461838,2026-09-30T03:54:21.838+00:00,1790740421918.719,2026-09-30T03:53:41.918+00:00,1790740464118.754,2026-09-30T03:54:24.118+00:00,42200.035,24.571,-39919.281,2280.754,6802,6764,1,,,
6,1790740466838,2026-09-30T03:54:26.838+00:00,1790740425279.075,2026-09-30T03:53:45.279+00:00,1790740467479.110,2026-09-30T03:54:27.479+00:00,42200.035,24.571,-41558.925,641.110,5694,5656,1,,,
7,1790740471838,2026-09-30T03:54:31.838+00:00,1790740430291.522,2026-09-30T03:53:50.291+00:00,1790740472491.557,2026-09-30T03:54:32.491+00:00,42200.035,24.571,-41546.478,653.557,5522,5484,1,,,
8,1790740476838,2026-09-30T03:54:36.838+00:00,1790740435312.474,2026-09-30T03:53:55.312+00:00,1790740477512.509,2026-09-30T03:54:37.512+00:00,42200.035,24.571,-41525.526,674.509,5630,5592,1,,,
9,1790740481838,2026-09-30T03:54:41.838+00:00,1790740440290.653,2026-09-30T03:54:00.290+00:00,1790740482490.688,2026-09-30T03:54:42.490+00:00,42200.035,24.571,-41547.347,652.688,5558,5520,1,,,
10,1790740486838,2026-09-30T03:54:46.838+00:00,1790740445275.328,2026-09-30T03:54:05.275+00:00,1790740487475.363,2026-09-30T03:54:47.475+00:00,42200.035,24.571,-41562.672,637.363,5514,5476,1,,,
11,1790740491838,2026-09-30T03:54:51.838+00:00,1790740450280.657,2026-09-30T03:54:10.280+00:00,1790740492480.692,2026-09-30T03:54:52.480+00:00,42200.035,24.571,-41557.343,642.692,5506,5468,1,,,
12,1790740496838,2026-09-30T03:54:56.838+00:00,1790740455283.770,2026-09-30T03:54:15.283+00:00,1790740497483.805,2026-09-30T03:54:57.483+00:00,42200.035,24.571,-41554.230,645.805,5518,5480,1,,,
13,1790740501838,2026-09-30T03:55:01.838+00:00,1790740461131.841,2026-09-30T03:54:21.131+00:00,1790740503331.875,2026-09-30T03:55:03.331+00:00,42200.035,24.571,-40706.159,1493.875,10082,10044,1,,,
14,1790740506838,2026-09-30T03:55:06.838+00:00,1790740465649.208,2026-09-30T03:54:25.649+00:00,1790740507849.243,2026-09-30T03:55:07.849+00:00,42200.035,24.571,-41188.792,1011.243,5826,5788,1,,,
15,1790740511838,2026-09-30T03:55:11.838+00:00,1790740470508.267,2026-09-30T03:54:30.508+00:00,1790740512708.302,2026-09-30T03:55:12.708+00:00,42200.035,24.571,-41329.733,870.302,5622,5584,1,,,
16,1790740516838,2026-09-30T03:55:16.838+00:00,1790740475350.235,2026-09-30T03:54:35.350+00:00,1790740517550.270,2026-09-30T03:55:17.550+00:00,42200.035,24.571,-41487.765,712.270,6246,6208,1,,,
17,1790740521838,2026-09-30T03:55:21.838+00:00,1790740480516.137,2026-09-30T03:54:40.516+00:00,1790740522716.172,2026-09-30T03:55:22.716+00:00,42200.035,24.571,-41321.863,878.172,7282,7244,1,,,
18,1790740526838,2026-09-30T03:55:26.838+00:00,1790740485393.281,2026-09-30T03:54:45.393+00:00,1790740527593.315,2026-09-30T03:55:27.593+00:00,42200.035,24.571,-41444.719,755.315,6738,6700,1,,,
19,1790740531838,2026-09-30T03:55:31.838+00:00,1790740490355.478,2026-09-30T03:54:50.355+00:00,1790740532555.512,2026-09-30T03:55:32.555+00:00,42200.035,24.571,-41482.522,717.512,6882,6844,1,,,
